new,trove_match,method,bundle
FDA-CBER-2022-1614-4218202-4218218_125752_S53_M1_11423_final-labeling-text-full-prescribing-info.docx,FDA-CBER-2022-1614-4218202-4218218_125752_S53_M1_11423_final-labeling-tex.docx,bates+trunc,A._BLA_Material.zip
FDA-CBER-2022-1614-4218236-4218238_125752_S53_M1_11423_final-labeling-text-info-for-recipi-and-caregivers.docx,FDA-CBER-2022-1614-4218236-4218238_125752_S53_M1_11423_final-labeling-tex.docx,bates+trunc,A._BLA_Material.zip
FDA-CBER-2022-1614-3818278-3818372_125752_S27_M5_mrna-1273-p301_S_D_define2-0-0.xsl,FDA-CBER-2022-1614-3818278-3818372_125752_S27_M5_mrna-1273-p301_S_D_define.xsl,bates+trunc,B._BLA_Module_5_Data_File_Material.zip
FDA-CBER-2022-1614-3818491-3818585_125752_S3_M5_mrna-1273-p201-add1_A_D_define2-0-0.xsl,FDA-CBER-2022-1614-3818491-3818585_125752_S3_M5_mrna-1273-p201-add1_A_D_de.xsl,bates+trunc,B._BLA_Module_5_Data_File_Material.zip
FDA-CBER-2022-1614-3818593-3818603_125752_S3_M5_mrna-1273-p201-add1_A_P_a10adsl.txt,FDA-CBER-2022-1614-3818593-3818603_125752_S3_M5_mrna-1273-p201-add1_A_P_a1.txt,bates+trunc,B._BLA_Module_5_Data_File_Material.zip
FDA-CBER-2022-1614-3818604-3818617_125752_S3_M5_mrna-1273-p201-add1_A_P_a20adae.txt,FDA-CBER-2022-1614-3818604-3818617_125752_S3_M5_mrna-1273-p201-add1_A_P_a2.txt,bates+trunc,B._BLA_Module_5_Data_File_Material.zip
FDA-CBER-2022-1614-3818646-3818651_125752_S3_M5_mrna-1273-p201-add1_A_P_a20adcm.txt,FDA-CBER-2022-1614-3818646-3818651_125752_S3_M5_mrna-1273-p201-add1_A_P_a2.txt,bates+trunc,B._BLA_Module_5_Data_File_Material.zip
FDA-CBER-2022-1614-3818652-3818663_125752_S3_M5_mrna-1273-p201-add1_A_P_a20adcov.txt,FDA-CBER-2022-1614-3818652-3818663_125752_S3_M5_mrna-1273-p201-add1_A_P_a2.txt,bates+trunc,B._BLA_Module_5_Data_File_Material.zip
FDA-CBER-2022-1614-3818664-3818666_125752_S3_M5_mrna-1273-p201-add1_A_P_a20addv.txt,FDA-CBER-2022-1614-3818664-3818666_125752_S3_M5_mrna-1273-p201-add1_A_P_a2.txt,bates+trunc,B._BLA_Module_5_Data_File_Material.zip
FDA-CBER-2022-1614-3818667-3818669_125752_S3_M5_mrna-1273-p201-add1_A_P_a20adex.txt,FDA-CBER-2022-1614-3818667-3818669_125752_S3_M5_mrna-1273-p201-add1_A_P_a2.txt,bates+trunc,B._BLA_Module_5_Data_File_Material.zip
FDA-CBER-2022-1614-3818670-3818673_125752_S3_M5_mrna-1273-p201-add1_A_P_a20adis.txt,FDA-CBER-2022-1614-3818670-3818673_125752_S3_M5_mrna-1273-p201-add1_A_P_a2.txt,bates+trunc,B._BLA_Module_5_Data_File_Material.zip
FDA-CBER-2022-1614-3818674-3818688_125752_S3_M5_mrna-1273-p201-add1_A_P_a20adlb.txt,FDA-CBER-2022-1614-3818674-3818688_125752_S3_M5_mrna-1273-p201-add1_A_P_a2.txt,bates+trunc,B._BLA_Module_5_Data_File_Material.zip
FDA-CBER-2022-1614-3818689-3818694_125752_S3_M5_mrna-1273-p201-add1_A_P_a20admb.txt,FDA-CBER-2022-1614-3818689-3818694_125752_S3_M5_mrna-1273-p201-add1_A_P_a2.txt,bates+trunc,B._BLA_Module_5_Data_File_Material.zip
FDA-CBER-2022-1614-3818695-3818697_125752_S3_M5_mrna-1273-p201-add1_A_P_a20admh.txt,FDA-CBER-2022-1614-3818695-3818697_125752_S3_M5_mrna-1273-p201-add1_A_P_a2.txt,bates+trunc,B._BLA_Module_5_Data_File_Material.zip
FDA-CBER-2022-1614-3818698-3818701_125752_S3_M5_mrna-1273-p201-add1_A_P_a20adslsf.txt,FDA-CBER-2022-1614-3818698-3818701_125752_S3_M5_mrna-1273-p201-add1_A_P_a2.txt,bates+trunc,B._BLA_Module_5_Data_File_Material.zip
FDA-CBER-2022-1614-3818702-3818712_125752_S3_M5_mrna-1273-p201-add1_A_P_a20advs.txt,FDA-CBER-2022-1614-3818702-3818712_125752_S3_M5_mrna-1273-p201-add1_A_P_a2.txt,bates+trunc,B._BLA_Module_5_Data_File_Material.zip
FDA-CBER-2022-1614-3818713-3818722_125752_S3_M5_mrna-1273-p201-add1_A_P_a30adarsum.txt,FDA-CBER-2022-1614-3818713-3818722_125752_S3_M5_mrna-1273-p201-add1_A_P_a3.txt,bates+trunc,B._BLA_Module_5_Data_File_Material.zip
FDA-CBER-2022-1614-3818723-3818733_125752_S3_M5_mrna-1273-p201-add1_A_P_-adis-vars-.txt,FDA-CBER-2022-1614-3818723-3818733_125752_S3_M5_mrna-1273-p201-add1_A_P_-a.txt,bates+trunc,B._BLA_Module_5_Data_File_Material.zip
FDA-CBER-2022-1614-3818734-3818747_125752_S3_M5_mrna-1273-p201-add1_A_P_-adsl-vars-.txt,FDA-CBER-2022-1614-3818734-3818747_125752_S3_M5_mrna-1273-p201-add1_A_P_-a.txt,bates+trunc,B._BLA_Module_5_Data_File_Material.zip
FDA-CBER-2022-1614-3818748-3818753_125752_S3_M5_mrna-1273-p201-add1_A_P_madam.txt,FDA-CBER-2022-1614-3818748-3818753_125752_S3_M5_mrna-1273-p201-add1_A_P_ma.txt,bates+trunc,B._BLA_Module_5_Data_File_Material.zip
FDA-CBER-2022-1614-3818754-3818760_125752_S3_M5_mrna-1273-p201-add1_A_P_mclopper.txt,FDA-CBER-2022-1614-3818754-3818760_125752_S3_M5_mrna-1273-p201-add1_A_P_mc.txt,bates+trunc,B._BLA_Module_5_Data_File_Material.zip
FDA-CBER-2022-1614-3818761-3818762_125752_S3_M5_mrna-1273-p201-add1_A_P_mgm-ci.txt,FDA-CBER-2022-1614-3818761-3818762_125752_S3_M5_mrna-1273-p201-add1_A_P_mg.txt,bates+trunc,B._BLA_Module_5_Data_File_Material.zip
FDA-CBER-2022-1614-3818763-3818764_125752_S3_M5_mrna-1273-p201-add1_A_P_mmwintext.txt,FDA-CBER-2022-1614-3818763-3818764_125752_S3_M5_mrna-1273-p201-add1_A_P_mm.txt,bates+trunc,B._BLA_Module_5_Data_File_Material.zip
FDA-CBER-2022-1614-3818765-3818771_125752_S3_M5_mrna-1273-p201-add1_A_P_modmrna1273p201-ia-ae-defaults.txt,FDA-CBER-2022-1614-3818765-3818771_125752_S3_M5_mrna-1273-p201-add1_A_P_mo.txt,bates+trunc,B._BLA_Module_5_Data_File_Material.zip
FDA-CBER-2022-1614-3818772-3818792_125752_S3_M5_mrna-1273-p201-add1_A_P_modmrna1273p201-ia-defaults.txt,FDA-CBER-2022-1614-3818772-3818792_125752_S3_M5_mrna-1273-p201-add1_A_P_mo.txt,bates+trunc,B._BLA_Module_5_Data_File_Material.zip
FDA-CBER-2022-1614-3818793-3818817_125752_S3_M5_mrna-1273-p201-add1_A_P_t140201011201.txt,FDA-CBER-2022-1614-3818793-3818817_125752_S3_M5_mrna-1273-p201-add1_A_P_t1.txt,bates+trunc,B._BLA_Module_5_Data_File_Material.zip
FDA-CBER-2022-1614-3818818_125752_S3_M5_mrna-1273-p201-add1_A_P_t140202010102.txt,FDA-CBER-2022-1614-3818818_125752_S3_M5_mrna-1273-p201-add1_A_P_t140202010.txt,bates+trunc,B._BLA_Module_5_Data_File_Material.zip
FDA-CBER-2022-1614-3818820-3818825_125752_S3_M5_mrna-1273-p201-add1_A_P_tmaeunsteae.txt,FDA-CBER-2022-1614-3818820-3818825_125752_S3_M5_mrna-1273-p201-add1_A_P_tm.txt,bates+trunc,B._BLA_Module_5_Data_File_Material.zip
FDA-CBER-2022-1614-3818826-3818851_125752_S3_M5_mrna-1273-p201-add1_A_P_tmimmsummneut.txt,FDA-CBER-2022-1614-3818826-3818851_125752_S3_M5_mrna-1273-p201-add1_A_P_tm.txt,bates+trunc,B._BLA_Module_5_Data_File_Material.zip
FDA-CBER-2022-1614-3818965-3819059_125752_S3_M5_mrna-1273-p201-add1_S_define1-0-0.xsl,FDA-CBER-2022-1614-3818965-3819059_125752_S3_M5_mrna-1273-p201-add1_S_defi.xsl,bates+trunc,B._BLA_Module_5_Data_File_Material.zip
FDA-CBER-2022-1614-3819109-3819203_125752_S3_M5_mrna-1273-p201-d57_A_D_define2-0-0.xsl,FDA-CBER-2022-1614-3819109-3819203_125752_S3_M5_mrna-1273-p201-d57_A_D_def.xsl,bates+trunc,B._BLA_Module_5_Data_File_Material.zip
FDA-CBER-2022-1614-3819212-3819221_125752_S3_M5_mrna-1273-p201-d57_A_P_a10adsl.txt,FDA-CBER-2022-1614-3819212-3819221_125752_S3_M5_mrna-1273-p201-d57_A_P_a10.txt,bates+trunc,B._BLA_Module_5_Data_File_Material.zip
FDA-CBER-2022-1614-3819222-3819230_125752_S3_M5_mrna-1273-p201-d57_A_P_a20adae.txt,FDA-CBER-2022-1614-3819222-3819230_125752_S3_M5_mrna-1273-p201-d57_A_P_a20.txt,bates+trunc,B._BLA_Module_5_Data_File_Material.zip
FDA-CBER-2022-1614-3819231-3819241_125752_S3_M5_mrna-1273-p201-d57_A_P_a20adar.txt,FDA-CBER-2022-1614-3819231-3819241_125752_S3_M5_mrna-1273-p201-d57_A_P_a20.txt,bates+trunc,B._BLA_Module_5_Data_File_Material.zip
FDA-CBER-2022-1614-3819242-3819254_125752_S3_M5_mrna-1273-p201-d57_A_P_a20adarp7d.txt,FDA-CBER-2022-1614-3819242-3819254_125752_S3_M5_mrna-1273-p201-d57_A_P_a20.txt,bates+trunc,B._BLA_Module_5_Data_File_Material.zip
FDA-CBER-2022-1614-3819255-3819259_125752_S3_M5_mrna-1273-p201-d57_A_P_a20adcm.txt,FDA-CBER-2022-1614-3819255-3819259_125752_S3_M5_mrna-1273-p201-d57_A_P_a20.txt,bates+trunc,B._BLA_Module_5_Data_File_Material.zip
FDA-CBER-2022-1614-3819260-3819269_125752_S3_M5_mrna-1273-p201-d57_A_P_a20adcov.txt,FDA-CBER-2022-1614-3819260-3819269_125752_S3_M5_mrna-1273-p201-d57_A_P_a20.txt,bates+trunc,B._BLA_Module_5_Data_File_Material.zip
FDA-CBER-2022-1614-3819270-3819272_125752_S3_M5_mrna-1273-p201-d57_A_P_a20addv.txt,FDA-CBER-2022-1614-3819270-3819272_125752_S3_M5_mrna-1273-p201-d57_A_P_a20.txt,bates+trunc,B._BLA_Module_5_Data_File_Material.zip
FDA-CBER-2022-1614-3819273-3819275_125752_S3_M5_mrna-1273-p201-d57_A_P_a20adex.txt,FDA-CBER-2022-1614-3819273-3819275_125752_S3_M5_mrna-1273-p201-d57_A_P_a20.txt,bates+trunc,B._BLA_Module_5_Data_File_Material.zip
FDA-CBER-2022-1614-3819276-3819278_125752_S3_M5_mrna-1273-p201-d57_A_P_a20adis.txt,FDA-CBER-2022-1614-3819276-3819278_125752_S3_M5_mrna-1273-p201-d57_A_P_a20.txt,bates+trunc,B._BLA_Module_5_Data_File_Material.zip
FDA-CBER-2022-1614-3819279-3819293_125752_S3_M5_mrna-1273-p201-d57_A_P_a20adlb.txt,FDA-CBER-2022-1614-3819279-3819293_125752_S3_M5_mrna-1273-p201-d57_A_P_a20.txt,bates+trunc,B._BLA_Module_5_Data_File_Material.zip
FDA-CBER-2022-1614-3819294-3819299_125752_S3_M5_mrna-1273-p201-d57_A_P_a20admb.txt,FDA-CBER-2022-1614-3819294-3819299_125752_S3_M5_mrna-1273-p201-d57_A_P_a20.txt,bates+trunc,B._BLA_Module_5_Data_File_Material.zip
FDA-CBER-2022-1614-3819300-3819301_125752_S3_M5_mrna-1273-p201-d57_A_P_a20admh.txt,FDA-CBER-2022-1614-3819300-3819301_125752_S3_M5_mrna-1273-p201-d57_A_P_a20.txt,bates+trunc,B._BLA_Module_5_Data_File_Material.zip
FDA-CBER-2022-1614-3819302-3819305_125752_S3_M5_mrna-1273-p201-d57_A_P_a20adslsf.txt,FDA-CBER-2022-1614-3819302-3819305_125752_S3_M5_mrna-1273-p201-d57_A_P_a20.txt,bates+trunc,B._BLA_Module_5_Data_File_Material.zip
FDA-CBER-2022-1614-3819306-3819316_125752_S3_M5_mrna-1273-p201-d57_A_P_a20advs.txt,FDA-CBER-2022-1614-3819306-3819316_125752_S3_M5_mrna-1273-p201-d57_A_P_a20.txt,bates+trunc,B._BLA_Module_5_Data_File_Material.zip
FDA-CBER-2022-1614-3819317-3819326_125752_S3_M5_mrna-1273-p201-d57_A_P_a30adarsum.txt,FDA-CBER-2022-1614-3819317-3819326_125752_S3_M5_mrna-1273-p201-d57_A_P_a30.txt,bates+trunc,B._BLA_Module_5_Data_File_Material.zip
FDA-CBER-2022-1614-3819327-3819335_125752_S3_M5_mrna-1273-p201-d57_A_P_adam-dataset-update.txt,FDA-CBER-2022-1614-3819327-3819335_125752_S3_M5_mrna-1273-p201-d57_A_P_ada.txt,bates+trunc,B._BLA_Module_5_Data_File_Material.zip
FDA-CBER-2022-1614-3819336-3819343_125752_S3_M5_mrna-1273-p201-d57_A_P_-adis-vars-.txt,FDA-CBER-2022-1614-3819336-3819343_125752_S3_M5_mrna-1273-p201-d57_A_P_-ad.txt,bates+trunc,B._BLA_Module_5_Data_File_Material.zip
FDA-CBER-2022-1614-3819344-3819357_125752_S3_M5_mrna-1273-p201-d57_A_P_-adsl-vars-.txt,FDA-CBER-2022-1614-3819344-3819357_125752_S3_M5_mrna-1273-p201-d57_A_P_-ad.txt,bates+trunc,B._BLA_Module_5_Data_File_Material.zip
FDA-CBER-2022-1614-3819489-3819494_125752_S3_M5_mrna-1273-p201-d57_A_P_madam.txt,FDA-CBER-2022-1614-3819489-3819494_125752_S3_M5_mrna-1273-p201-d57_A_P_mad.txt,bates+trunc,B._BLA_Module_5_Data_File_Material.zip
FDA-CBER-2022-1614-3819595-3819601_125752_S3_M5_mrna-1273-p201-d57_A_P_mclopper.txt,FDA-CBER-2022-1614-3819595-3819601_125752_S3_M5_mrna-1273-p201-d57_A_P_mcl.txt,bates+trunc,B._BLA_Module_5_Data_File_Material.zip
FDA-CBER-2022-1614-3819621-3819622_125752_S3_M5_mrna-1273-p201-d57_A_P_mgm-ci.txt,FDA-CBER-2022-1614-3819621-3819622_125752_S3_M5_mrna-1273-p201-d57_A_P_mgm.txt,bates+trunc,B._BLA_Module_5_Data_File_Material.zip
FDA-CBER-2022-1614-3819672-3819673_125752_S3_M5_mrna-1273-p201-d57_A_P_mmwintext.txt,FDA-CBER-2022-1614-3819672-3819673_125752_S3_M5_mrna-1273-p201-d57_A_P_mmw.txt,bates+trunc,B._BLA_Module_5_Data_File_Material.zip
FDA-CBER-2022-1614-3819674-3819694_125752_S3_M5_mrna-1273-p201-d57_A_P_modmrna1273p201-ia-defaults.txt,FDA-CBER-2022-1614-3819674-3819694_125752_S3_M5_mrna-1273-p201-d57_A_P_mod.txt,bates+trunc,B._BLA_Module_5_Data_File_Material.zip
FDA-CBER-2022-1614-3819706-3819708_125752_S3_M5_mrna-1273-p201-d57_A_P_mr-odsout.txt,FDA-CBER-2022-1614-3819706-3819708_125752_S3_M5_mrna-1273-p201-d57_A_P_mr-.txt,bates+trunc,B._BLA_Module_5_Data_File_Material.zip
FDA-CBER-2022-1614-3819789-3819797_125752_S3_M5_mrna-1273-p201-d57_A_P_mu-lines-per-page.txt,FDA-CBER-2022-1614-3819789-3819797_125752_S3_M5_mrna-1273-p201-d57_A_P_mu-.txt,bates+trunc,B._BLA_Module_5_Data_File_Material.zip
FDA-CBER-2022-1614-3819800-3819803_125752_S3_M5_mrna-1273-p201-d57_A_P_mu-rtf-template.txt,FDA-CBER-2022-1614-3819800-3819803_125752_S3_M5_mrna-1273-p201-d57_A_P_mu-.txt,bates+trunc,B._BLA_Module_5_Data_File_Material.zip
FDA-CBER-2022-1614-3819824-3819826_125752_S3_M5_mrna-1273-p201-d57_A_P_mu-wordscan.txt,FDA-CBER-2022-1614-3819824-3819826_125752_S3_M5_mrna-1273-p201-d57_A_P_mu-.txt,bates+trunc,B._BLA_Module_5_Data_File_Material.zip
FDA-CBER-2022-1614-3819839-3819858_125752_S3_M5_mrna-1273-p201-d57_A_P_pp-listing.txt,FDA-CBER-2022-1614-3819839-3819858_125752_S3_M5_mrna-1273-p201-d57_A_P_pp-.txt,bates+trunc,B._BLA_Module_5_Data_File_Material.zip
FDA-CBER-2022-1614-3819859-3819879_125752_S3_M5_mrna-1273-p201-d57_A_P_pp-listing2.txt,FDA-CBER-2022-1614-3819859-3819879_125752_S3_M5_mrna-1273-p201-d57_A_P_pp-.txt,bates+trunc,B._BLA_Module_5_Data_File_Material.zip
FDA-CBER-2022-1614-3819911-3819928_125752_S3_M5_mrna-1273-p201-d57_A_P_tmimmsummbind.txt,FDA-CBER-2022-1614-3819911-3819928_125752_S3_M5_mrna-1273-p201-d57_A_P_tmi.txt,bates+trunc,B._BLA_Module_5_Data_File_Material.zip
FDA-CBER-2022-1614-3819929-3819936_125752_S3_M5_mrna-1273-p201-d57_A_P_tmsolae.txt,FDA-CBER-2022-1614-3819929-3819936_125752_S3_M5_mrna-1273-p201-d57_A_P_tms.txt,bates+trunc,B._BLA_Module_5_Data_File_Material.zip
FDA-CBER-2022-1614-3820038-3820132_125752_S3_M5_mrna-1273-p201-d57_S_define1-0-0.xsl,FDA-CBER-2022-1614-3820038-3820132_125752_S3_M5_mrna-1273-p201-d57_S_defin.xsl,bates+trunc,B._BLA_Module_5_Data_File_Material.zip
FDA-CBER-2022-1614-3820197-3820291_125752_S3_M5_mrna-1273-p301_A_D_define2-0-0.xsl,FDA-CBER-2022-1614-3820197-3820291_125752_S3_M5_mrna-1273-p301_A_D_define2.xsl,bates+trunc,B._BLA_Module_5_Data_File_Material.zip
FDA-CBER-2022-1614-3820372-3820385_125752_S3_M5_mrna-1273-p301_A_P_a20adarp7d.txt,FDA-CBER-2022-1614-3820372-3820385_125752_S3_M5_mrna-1273-p301_A_P_a20adar.txt,bates+trunc,B._BLA_Module_5_Data_File_Material.zip
FDA-CBER-2022-1614-3820414-3820417_125752_S3_M5_mrna-1273-p301_A_P_a20adrisk.txt,FDA-CBER-2022-1614-3820414-3820417_125752_S3_M5_mrna-1273-p301_A_P_a20adri.txt,bates+trunc,B._BLA_Module_5_Data_File_Material.zip
FDA-CBER-2022-1614-3820418-3820423_125752_S3_M5_mrna-1273-p301_A_P_a20adsymp.txt,FDA-CBER-2022-1614-3820418-3820423_125752_S3_M5_mrna-1273-p301_A_P_a20adsy.txt,bates+trunc,B._BLA_Module_5_Data_File_Material.zip
FDA-CBER-2022-1614-3820435-3820447_125752_S3_M5_mrna-1273-p301_A_P_a30adarsum.txt,FDA-CBER-2022-1614-3820435-3820447_125752_S3_M5_mrna-1273-p301_A_P_a30adar.txt,bates+trunc,B._BLA_Module_5_Data_File_Material.zip
FDA-CBER-2022-1614-3820461-3820467_125752_S3_M5_mrna-1273-p301_A_P_a50adeff2.txt,FDA-CBER-2022-1614-3820461-3820467_125752_S3_M5_mrna-1273-p301_A_P_a50adef.txt,bates+trunc,B._BLA_Module_5_Data_File_Material.zip
FDA-CBER-2022-1614-3820468-3820472_125752_S3_M5_mrna-1273-p301_A_P_a50adeff3.txt,FDA-CBER-2022-1614-3820468-3820472_125752_S3_M5_mrna-1273-p301_A_P_a50adef.txt,bates+trunc,B._BLA_Module_5_Data_File_Material.zip
FDA-CBER-2022-1614-3820483-3820491_125752_S3_M5_mrna-1273-p301_A_P_a50adttea.txt,FDA-CBER-2022-1614-3820483-3820491_125752_S3_M5_mrna-1273-p301_A_P_a50adtt.txt,bates+trunc,B._BLA_Module_5_Data_File_Material.zip
FDA-CBER-2022-1614-3820492-3820497_125752_S3_M5_mrna-1273-p301_A_P_a60adttre.txt,FDA-CBER-2022-1614-3820492-3820497_125752_S3_M5_mrna-1273-p301_A_P_a60adtt.txt,bates+trunc,B._BLA_Module_5_Data_File_Material.zip
FDA-CBER-2022-1614-3820523-3820560_125752_S3_M5_mrna-1273-p301_A_P_martz-default.txt,FDA-CBER-2022-1614-3820523-3820560_125752_S3_M5_mrna-1273-p301_A_P_martz-d.txt,bates+trunc,B._BLA_Module_5_Data_File_Material.zip
FDA-CBER-2022-1614-3820565-3820567_125752_S3_M5_mrna-1273-p301_A_P_mclopperis.txt,FDA-CBER-2022-1614-3820565-3820567_125752_S3_M5_mrna-1273-p301_A_P_mcloppe.txt,bates+trunc,B._BLA_Module_5_Data_File_Material.zip
FDA-CBER-2022-1614-3820570-3820578_125752_S3_M5_mrna-1273-p301_A_P_mt140202010101-ve.txt,FDA-CBER-2022-1614-3820570-3820578_125752_S3_M5_mrna-1273-p301_A_P_mt14020.txt,bates+trunc,B._BLA_Module_5_Data_File_Material.zip
FDA-CBER-2022-1614-3820579-3820602_125752_S3_M5_mrna-1273-p301_A_P_mt140204010101010x.txt,FDA-CBER-2022-1614-3820579-3820602_125752_S3_M5_mrna-1273-p301_A_P_mt14020.txt,bates+trunc,B._BLA_Module_5_Data_File_Material.zip
FDA-CBER-2022-1614-3820603-3820613_125752_S3_M5_mrna-1273-p301_A_P_mt1403010101-sar-bygrade.txt,FDA-CBER-2022-1614-3820603-3820613_125752_S3_M5_mrna-1273-p301_A_P_mt14030.txt,bates+trunc,B._BLA_Module_5_Data_File_Material.zip
FDA-CBER-2022-1614-3820614-3820619_125752_S3_M5_mrna-1273-p301_A_P_mt1403010701-ae.txt,FDA-CBER-2022-1614-3820614-3820619_125752_S3_M5_mrna-1273-p301_A_P_mt14030.txt,bates+trunc,B._BLA_Module_5_Data_File_Material.zip
FDA-CBER-2022-1614-3820629-3820630_125752_S3_M5_mrna-1273-p301_A_P_t1402040101010301.txt,FDA-CBER-2022-1614-3820629-3820630_125752_S3_M5_mrna-1273-p301_A_P_t140204.txt,bates+trunc,B._BLA_Module_5_Data_File_Material.zip
FDA-CBER-2022-1614-3820765-3820859_125752_S3_M5_mrna-1273-p301_S_define1-0-0.xsl,FDA-CBER-2022-1614-3820765-3820859_125752_S3_M5_mrna-1273-p301_S_define1-0.xsl,bates+trunc,B._BLA_Module_5_Data_File_Material.zip
FDA-CBER-2022-1614-3820873-3820933_125752_S3_M5_mrna-1273-p201-add1_A_D_admh.xpt,FDA-CBER-2022-1614-3820873-3820933_125752_S3_M5_mrna-1273-p201-add1_A_D_ad.xpt,bates+trunc,B._BLA_Module_5_Data_File_Material.zip
FDA-CBER-2022-1614-3820934-3820948_125752_S3_M5_mrna-1273-p201-add1_A_D_adsl.xpt,FDA-CBER-2022-1614-3820934-3820948_125752_S3_M5_mrna-1273-p201-add1_A_D_ad.xpt,bates+trunc,B._BLA_Module_5_Data_File_Material.zip
FDA-CBER-2022-1614-3821335-3821350_125752_S3_M5_mrna-1273-p201-add1_S_supprp.xpt,FDA-CBER-2022-1614-3821335-3821350_125752_S3_M5_mrna-1273-p201-add1_S_supp.xpt,bates+trunc,B._BLA_Module_5_Data_File_Material.zip
FDA-CBER-2022-1614-3821351-3821353_125752_S3_M5_mrna-1273-p201-add1_S_suppss.xpt,FDA-CBER-2022-1614-3821351-3821353_125752_S3_M5_mrna-1273-p201-add1_S_supp.xpt,bates+trunc,B._BLA_Module_5_Data_File_Material.zip
FDA-CBER-2022-1614-3821354-3821355_125752_S3_M5_mrna-1273-p201-add1_S_suppxm.xpt,FDA-CBER-2022-1614-3821354-3821355_125752_S3_M5_mrna-1273-p201-add1_S_supp.xpt,bates+trunc,B._BLA_Module_5_Data_File_Material.zip
FDA-CBER-2022-1614-3821357-3821359_125752_S3_M5_mrna-1273-p201-d57_A_D_adarp7d.xpt,FDA-CBER-2022-1614-3821357-3821359_125752_S3_M5_mrna-1273-p201-d57_A_D_ada.xpt,bates+trunc,B._BLA_Module_5_Data_File_Material.zip
FDA-CBER-2022-1614-3821444-3821533_125752_S3_M5_mrna-1273-p201-d57_M_D_pp-list.xpt,FDA-CBER-2022-1614-3821444-3821533_125752_S3_M5_mrna-1273-p201-d57_M_D_pp-.xpt,bates+trunc,B._BLA_Module_5_Data_File_Material.zip
FDA-CBER-2022-1614-3821534-3821623_125752_S3_M5_mrna-1273-p201-d57_M_D_pp-list2.xpt,FDA-CBER-2022-1614-3821534-3821623_125752_S3_M5_mrna-1273-p201-d57_M_D_pp-.xpt,bates+trunc,B._BLA_Module_5_Data_File_Material.zip
FDA-CBER-2022-1614-4147125-4147297_125752_S3_M5_mrna-1273-p201-add1_A_D_define.xml,FDA-CBER-2022-1614-4147125-4147297_125752_S3_M5_mrna-1273-p201-add1_A_D_de.xml,bates+trunc,B._BLA_Module_5_Data_File_Material.zip
FDA-CBER-2022-1614-4147298-4147433_125752_S3_M5_mrna-1273-p201-add1_S_define.xml,FDA-CBER-2022-1614-4147298-4147433_125752_S3_M5_mrna-1273-p201-add1_S_defi.xml,bates+trunc,B._BLA_Module_5_Data_File_Material.zip
FDA-CBER-2022-1614-4147434-4147595_125752_S3_M5_mrna-1273-p201-d57_A_D_define.xml,FDA-CBER-2022-1614-4147434-4147595_125752_S3_M5_mrna-1273-p201-d57_A_D_def.xml,bates+trunc,B._BLA_Module_5_Data_File_Material.zip
FDA-CBER-2022-1614-4202829-4202974_125752_S27_M5_mrna-1273-p301_S_D_solicited-term-lkup.xlsx,FDA-CBER-2022-1614-4202829-4202974_125752_S27_M5_mrna-1273-p301_S_D_solic.xlsx,bates+trunc,B._BLA_Module_5_Data_File_Material.zip
132_BLA 125742-0_09-13-2021_Memo_Committee Memo_Review (1) (1).pdf,132_BLA 125742-0_09-13-2021_Memo_Committee Memo_Review (1).pdf,core+trunc,E._LARD_Material_CBER_Correspondence.zip
99_BLA 125742-0_08-20-2021_Memo_Committee Memo_Label.pdf,99_BLA 125742-0_08-20-2021_Memo_Committee Memo_Labeli.pdf,core+trunc,E._LARD_Material_CBER_Correspondence.zip
FDA-CBER-2022-5812-0136897-0140174_125742-45_S211_M5_c4591001-S_1mth-D_mb_reissue.xpt,FDA-CBER-2022-5812-0136897-0140174_125742-45_S211_M5_c4591001-S_1mth-D_mb.xpt,bates+trunc,Pfizer_BioNTech_Comirnaty_12-15_COVID_Vaccine_Related_Records_-_FOIA.zip
FDA-CBER-2022-5812-0508472-0508508_27034_S135_M1_hcp-fact-1450-7-1-pi-lab-1457-7-1-track.docx,FDA-CBER-2022-5812-0508472-0508508_27034_S135_M1_hcp-fact-1450-7-1-pi-lab.docx,bates+trunc,Pfizer_BioNTech_Comirnaty_12-15_COVID_Vaccine_Related_Records_-_FOIA.zip
FDA-CBER-2022-5812-0508509-0508515_27034_S135_M1_fact-sheet-recipients-lab-1451-4-1-track.docx,FDA-CBER-2022-5812-0508509-0508515_27034_S135_M1_fact-sheet-recipients-la.docx,bates+trunc,Pfizer_BioNTech_Comirnaty_12-15_COVID_Vaccine_Related_Records_-_FOIA.zip
FDA-CBER-2022-5812-0508521-0508557_27034_S135_M1_hcp-fact-1450-7-1-pi-lab-1457-7-1-clean.docx,FDA-CBER-2022-5812-0508521-0508557_27034_S135_M1_hcp-fact-1450-7-1-pi-lab.docx,bates+trunc,Pfizer_BioNTech_Comirnaty_12-15_COVID_Vaccine_Related_Records_-_FOIA.zip
FDA-CBER-2022-5812-0508595-0508601_27034_S135_M1_fact-sheet-recipients-lab-1451-4-1-clean.docx,FDA-CBER-2022-5812-0508595-0508601_27034_S135_M1_fact-sheet-recipients-la.docx,bates+trunc,Pfizer_BioNTech_Comirnaty_12-15_COVID_Vaccine_Related_Records_-_FOIA.zip
FDA-CBER-2022-5812-0508989-0509004_27034_S146_M5_c4591001-subject-list-for-12-25-immuno-analysis-27jan2021.xls,FDA-CBER-2022-5812-0508989-0509004_27034_S146_M5_c4591001-subject-list-for.xls,bates+trunc,Pfizer_BioNTech_Comirnaty_12-15_COVID_Vaccine_Related_Records_-_FOIA.zip
FDA-CBER-2022-5812-0509051-0509087_27034_S155_M1_hcp-fact-1450-7-1a-pi-lab-1457-7-1a-clean.docx,FDA-CBER-2022-5812-0509051-0509087_27034_S155_M1_hcp-fact-1450-7-1a-pi-la.docx,bates+trunc,Pfizer_BioNTech_Comirnaty_12-15_COVID_Vaccine_Related_Records_-_FOIA.zip
FDA-CBER-2022-5812-0509125-0509161_27034_S155_M1_hcp-fact-1450-7-1a-pi-lab-1457-7-1a-track.docx,FDA-CBER-2022-5812-0509125-0509161_27034_S155_M1_hcp-fact-1450-7-1a-pi-la.docx,bates+trunc,Pfizer_BioNTech_Comirnaty_12-15_COVID_Vaccine_Related_Records_-_FOIA.zip
FDA-CBER-2022-5812-0509230-0509266_27034_S161_M1_hcp-fact-1450-7-1a-pi-lab-1457-7-3a-clean.docx,FDA-CBER-2022-5812-0509230-0509266_27034_S161_M1_hcp-fact-1450-7-1a-pi-la.docx,bates+trunc,Pfizer_BioNTech_Comirnaty_12-15_COVID_Vaccine_Related_Records_-_FOIA.zip
FDA-CBER-2022-5812-0509304-0509340_27034_S161_M1_hcp-fact-1450-7-1a-pi-lab-1457-7-3a-track.docx,FDA-CBER-2022-5812-0509304-0509340_27034_S161_M1_hcp-fact-1450-7-1a-pi-la.docx,bates+trunc,Pfizer_BioNTech_Comirnaty_12-15_COVID_Vaccine_Related_Records_-_FOIA.zip
FDA-CBER-2022-5812-0509489-0509495_27034_S168_M1_fact-sheet-recipients-lab-1451-4-2a-clean.docx,FDA-CBER-2022-5812-0509489-0509495_27034_S168_M1_fact-sheet-recipients-la.docx,bates+trunc,Pfizer_BioNTech_Comirnaty_12-15_COVID_Vaccine_Related_Records_-_FOIA.zip
FDA-CBER-2022-5812-0509503-0509509_27034_S168_M1_fact-sheet-recipients-lab-1451-4-2a-track.docx,FDA-CBER-2022-5812-0509503-0509509_27034_S168_M1_fact-sheet-recipients-la.docx,bates+trunc,Pfizer_BioNTech_Comirnaty_12-15_COVID_Vaccine_Related_Records_-_FOIA.zip
FDA-CBER-2022-5812-0509510-0509546_27034_S168_M1_hcp-fact-1450-7-2a-pi-lab-1457-7-4a-clean.docx,FDA-CBER-2022-5812-0509510-0509546_27034_S168_M1_hcp-fact-1450-7-2a-pi-la.docx,bates+trunc,Pfizer_BioNTech_Comirnaty_12-15_COVID_Vaccine_Related_Records_-_FOIA.zip
FDA-CBER-2022-5812-0509584-0509620_27034_S168_M1_hcp-fact-1450-7-2a-pi-lab-1457-7-4a-track.docx,FDA-CBER-2022-5812-0509584-0509620_27034_S168_M1_hcp-fact-1450-7-2a-pi-la.docx,bates+trunc,Pfizer_BioNTech_Comirnaty_12-15_COVID_Vaccine_Related_Records_-_FOIA.zip
FDA-CBER-2022-5812-0509623-0509659_27034_S170_M1_hcp-fact-1450-8-0-pi-lab-1457-8-0.docx,FDA-CBER-2022-5812-0509623-0509659_27034_S170_M1_hcp-fact-1450-8-0-pi-lab.docx,bates+trunc,Pfizer_BioNTech_Comirnaty_12-15_COVID_Vaccine_Related_Records_-_FOIA.zip
FDA-CBER-2022-5812-0509727-0509733_27034_S170_M1_fact-sheet-recipients-lab-1451-5-0-clean.docx,FDA-CBER-2022-5812-0509727-0509733_27034_S170_M1_fact-sheet-recipients-la.docx,bates+trunc,Pfizer_BioNTech_Comirnaty_12-15_COVID_Vaccine_Related_Records_-_FOIA.zip
FDA-CBER-2022-5812-0516068-0516133_27034_S135_M5_c4591001-508-compliant-tables-12-15.docx,FDA-CBER-2022-5812-0516068-0516133_27034_S135_M5_c4591001-508-compliant-t.docx,bates+trunc,Pfizer_BioNTech_Comirnaty_12-15_COVID_Vaccine_Related_Records_-_FOIA.zip
FDA-CBER-2022-5812-0738841 - 0739772_27034_S135_M5_c4591001_A_D_adae.xpt,FDA-CBER-2022-5812-0738841 - 0739772_27034_S135_M5_c4591001_A_D_a.xpt,bates+trunc,Pfizer_BioNTech_Comirnaty_12-15_COVID_Vaccine_Related_Records_-_FOIA.zip
FDA-CBER-2022-5812-0739773 - 0793497_27034_S135_M5_c4591001_A_D_adc19ef.xpt,FDA-CBER-2022-5812-0739773 - 0793497_27034_S135_M5_c4591001_A_D_a.xpt,bates+trunc,Pfizer_BioNTech_Comirnaty_12-15_COVID_Vaccine_Related_Records_-_FOIA.zip
FDA-CBER-2022-5812-0793498 - 0800271_27034_S135_M5_c4591001_A_D_adcevd.xpt,FDA-CBER-2022-5812-0793498 - 0800271_27034_S135_M5_c4591001_A_D_a.xpt,bates+trunc,Pfizer_BioNTech_Comirnaty_12-15_COVID_Vaccine_Related_Records_-_FOIA.zip
FDA-CBER-2022-5812-0800272 - 0800769_27034_S135_M5_c4591001_A_D_adcm.xpt,FDA-CBER-2022-5812-0800272 - 0800769_27034_S135_M5_c4591001_A_D_a.xpt,bates+trunc,Pfizer_BioNTech_Comirnaty_12-15_COVID_Vaccine_Related_Records_-_FOIA.zip
FDA-CBER-2022-5812-0800770 - 0803847_27034_S135_M5_c4591001_A_D_adds.xpt,FDA-CBER-2022-5812-0800770 - 0803847_27034_S135_M5_c4591001_A_D_a.xpt,bates+trunc,Pfizer_BioNTech_Comirnaty_12-15_COVID_Vaccine_Related_Records_-_FOIA.zip
FDA-CBER-2022-5812-0803848 - 0804774_27034_S135_M5_c4591001_A_D_addv.xpt,FDA-CBER-2022-5812-0803848 - 0804774_27034_S135_M5_c4591001_A_D_a.xpt,bates+trunc,Pfizer_BioNTech_Comirnaty_12-15_COVID_Vaccine_Related_Records_-_FOIA.zip
FDA-CBER-2022-5812-0804775 - 0861241_27034_S135_M5_c4591001_A_D_adfacevd.xpt,FDA-CBER-2022-5812-0804775 - 0861241_27034_S135_M5_c4591001_A_D_a.xpt,bates+trunc,Pfizer_BioNTech_Comirnaty_12-15_COVID_Vaccine_Related_Records_-_FOIA.zip
FDA-CBER-2022-5812-0861242 - 0866166_27034_S135_M5_c4591001_A_D_admh.xpt,FDA-CBER-2022-5812-0861242 - 0866166_27034_S135_M5_c4591001_A_D_a.xpt,bates+trunc,Pfizer_BioNTech_Comirnaty_12-15_COVID_Vaccine_Related_Records_-_FOIA.zip
FDA-CBER-2022-5812-0866167 - 0867368_27034_S135_M5_c4591001_A_D_adsl.xpt,FDA-CBER-2022-5812-0866167 - 0867368_27034_S135_M5_c4591001_A_D_a.xpt,bates+trunc,Pfizer_BioNTech_Comirnaty_12-15_COVID_Vaccine_Related_Records_-_FOIA.zip
FDA-CBER-2022-5812-0867369 - 0875578_27034_S135_M5_c4591001_A_D_adsympt.xpt,FDA-CBER-2022-5812-0867369 - 0875578_27034_S135_M5_c4591001_A_D_a.xpt,bates+trunc,Pfizer_BioNTech_Comirnaty_12-15_COVID_Vaccine_Related_Records_-_FOIA.zip
FDA-CBER-2022-5812-0875579 - 0878437_27034_S135_M5_c4591001_A_D_adva.xpt,FDA-CBER-2022-5812-0875579 - 0878437_27034_S135_M5_c4591001_A_D_a.xpt,bates+trunc,Pfizer_BioNTech_Comirnaty_12-15_COVID_Vaccine_Related_Records_-_FOIA.zip
FDA-CBER-2022-5812-0886758 - 0940210_27034_S135_M5_c4591001_S_D_face.xpt,FDA-CBER-2022-5812-0886758 - 0940210_27034_S135_M5_c4591001_S_D_f.xpt,bates+trunc,Pfizer_BioNTech_Comirnaty_12-15_COVID_Vaccine_Related_Records_-_FOIA.zip
